id,taskIdentificator,taskDesc,taskDeadline,taskWorkerLogin
1,000004,"Произвести полную диагностику ППК",21-06-2023,User_02
2,000004.1,"Проверка аппаратной части",15-06-2023,User_03
3,000004.1.1,"Разборка и диагностика ППК на отсутствие коррозий и повреждения магистралей печатной платы",12-06-2023,User_04
4,000004.1.2,"Проверка основного оборудования на неисправность путем диагностики",15-06-2023,User_04
5,000004.2,"Проверка программной части",21-06-2023,User_03
